Phone Call Transcript,Sentiment,Customer Name,Total Purchases,Phone,Customer Type,Date,Year
ألو، مساء الخير. مساء النور، حضرتك بتكلم خدمة عملاء شركة الاتصالات. إزاي أقدر أساعد حضرتك؟ أنا عندي مشكلة في الإنترنت. الخدمة بطيئة جدًا ومش بقدر أستخدمها زي الأول. متأسف جدًا على الإزعاج ده، يا فندم. ممكن أعرف الرقم اللي حضرتك مشترك بيه عشان أقدر أطلع على بياناتك الرقم هو 01012345678. شكرًا لحضرتك. دقيقة واحدة بس عشان أراجع بيانات الخط... طيب، واضح إن فيه بطء في الخدمة. أيوة، عملت كده بس مفيش أي فرق. تمام، خليني أعمل فحص من هنا وأشوف لو فيه أي أعطال أو صيانة في منطقتك... فعلاً، فيه بعض الصيانة اللي بتأثر على السرعة، ومن المتوقع إن الخدمة تتحسن خلال 24 آه، طيب دي هتستمر كتير؟ المفروض تخلص النهاردة بالليل أو بكرة الصبح، وبعدها السرعة هترجع لطبيعتها تمام، شكراً على التوضيح. هل في أي تعويض بخصوص الفترة اللي الخدمة كانت فيها بطيئة؟طبعاً، بعد انتهاء المشكلة حضرتك تقدر تتواصل معانا تاني، ونشوف التعويض المناسب ليك حسب سياسات الشركة. تمام، هتواصل معاكم بعد كده. شكرًا جدًا لمساعدتك. العفو يا فندم، لو في أي استفسار تاني، متترددش تتصل بينا. يومك سعيد! شكراً، مع السلامة. مع السلامة.,positive,Marilyn Mckay,17000.0,+20 010 1858501,Regular,10-2023,2023
nan,natural,John Berger,30000.0,+20 015 1148705,Loyal,05-2023,2023
ألو، مساء الخير. مساء النور، مع حضرتك احمد كيف أقدر أساعد حضرتك؟ مش بترد بسرعة، كنت منتظر كتير على الخط. متأسف جداً على التأخير يا فندم. حضرتك كان عندك استفسار أو مشكلة؟ أيوة، الإنترنت عندي بطيء جداً والشبكة بتقطع طول الوقت. ممكن أطلع على بيانات الخط بتاع حضرتك؟ أكيد، الرقم هو 0123456789. شكرًا لحضرتك. لحظة واحدة... أنا شايف إن فيه بطء فعلاً. طيب إمتى المشكلة هتتحل؟ نحاول نوفر الحل بأسرع وقت. لو ممكن تتابع معانا بكرة. مش هينفع، أنا محتاج الإنترنت دلوقتي. متفهم جداً يا فندم. هنحاول نسرّع عملية الحل.,negative,Joshua Nash,27000.0,+20 010 5139439,Loyal,10-2024,2024
ألو، مساء الخير. مساء النور يا فندم، مع حضرتك محمد أحد ممثلي خدمة العملاء كيف أقدر أساعدك؟ كنت عايز أستفسر عن الباقة الجديدة اللي الشركة نزلتها مؤخراً. طبعاً يا فندم، حضرتك معنا على الباقة القديمة حالياً؟ أيوة، بس عايز أعرف الفرق بينهم. الباقة الجديدة فيها إنترنت غير محدود ومكالمات دولية بخصم 50%. ده كويس جداً، وأقدر أحوّل عليها دلوقتي؟ أيوة، ممكن أغيرها ليك فوراً. تمام، شكراً جداً. العفو يا فندم، في أي وقت.,positive,Christina Castaneda,22000.0,+20 012 9668369,Loyal,02-2024,2024
"""ألو، مساء الخير. مساء النور، مع حضرتك زياد أحد ممثلي خدمة العملاء. إزاي أقدر أساعد حضرتك؟ أنا حاولت أتصل بالدعم الفني، لكن مفيش أي حد ردي. متأسف جدًا على الإزعاج ده، يا فندم. ممكن أعرف الرقم اللي حضرتك مشترك بيه؟ الرقم هو 01123456789. شكرًا لحضرتك. دقيقة واحدة بس عشان أراجع بيانات الخط... طيب، واضح إن هناك ضغط على خطوط الدعم. لكن ده مش عذر. أنا محتاج حل لمشكلة الاتصال عندي. أفهم قلقك، خليني أحقق في السبب... طبعًا، هحاول أرفع طلب دعم خاص بحضرتك. هل يمكنني الحصول على أي تحديث في أقرب وقت؟ طبعًا، هنبعتلك رسالة بمجرد أن نتأكد من الحل. شكرًا على المساعدة. العفو، إذا احتجت أي شيء، نحن هنا. يومك سعيد! شكراً، مع السلامة. مع السلامة.""",natural,Robert Daniels,27000.0,+20 015 7523582,New,08-2024,2024
"""ألو، مساء الخير. مساء النور، حضرتك بتكلم علي أحد ممثلي خدمة العملاء. إزاي أقدر أساعد حضرتك؟ عندي مشكلة كبيرة في الشبكة. الخدمة مش متوفرة في منطقتي نهائي. متأسف جدًا على الإزعاج ده، يا فندم. ممكن أعرف الرقم اللي حضرتك مشترك بيه؟ الرقم هو 01234567890. شكرًا لحضرتك. دقيقة واحدة بس عشان أراجع البيانات... طيب، فعلاً فيه مشكلة في الشبكة في منطقتك. قد إيه هتستمر المشكلة دي؟ المشكلة هتستمر لمدة يومين تقريبا، والفرق الفني بيشتغل عليها. هل فيه تعويض عن الفترة دي؟ بعد حل المشكلة، تقدر تتواصل معانا ونراجع التعويض المناسب. تمام، شكرًا على التوضيح. العفو يا فندم، لو في أي استفسار تاني، متترددش تتصل بينا. يومك سعيد! شكرًا، مع السلامة. مع السلامة.""",negative,James Perez DDS,3000.0,+20 015 2374351,Loyal,05-2022,2022
أنا بجد زهقت من الإنترنت عندي، بطيء جدًا الأيام دي ومش عارف أعمل شغلي! بقاله فترة كده وكل شوية أرجع أكلم خدمة العملاء. نتأسف على اللي حضرتك بتمر بيه، وفاهمين طبعًا إن ده مزعج. ياريت تقولي اسمك ورقم خطك والمنطقة اللي فيها المشكلة، وهنتصرف. أنا أحمد، رقمي 0123456789، ومن الدقي. بس الموضوع ده بقى شبه يومي، كل شوية بطيء أو بيقطع. مفيش حل جذري بقى؟! مفهوم والله، وبالفعل مشكلة زي دي مقلقة. هل السرعة بتبقى بطيئة طول اليوم ولا في أوقات معينة؟ أيوه، أغلب الوقت، خصوصًا بالليل. بتوصل إن الشبكة تقطع تمامًا! عملت إعادة تشغيل للراوتر كام مرة ومفيش فايدة. طيب، هنعمل بلاغ بقسم الدعم الفني دلوقتي حالاً علشان يراجعوا الخط ويشوفوا المشكلة بشكل شامل. ونقدر نتواصل مع حضرتك خلال ساعة ونتابع معاك. بنحاول نحل الموضوع بسرعة. بصراحة أنا زهقت من الكلام ده كل مرة، بقالنا شهور على الحال ده! أنا معتمد على الإنترنت في الشغل ومش عارف أكمل كده. معاك حق يا أستاذ أحمد، متأسفين على اللي حضرتك مريت بيه. هنرفع الأولوية بتاعت البلاغ لحضرتك وهنشوف لو في ضغط أو لو نقدر نرفع السرعة. هنكون معاك لحد ما نحل المشكلة بإذن الله. أرجوكم المرة دي بجد! أنا بجد تعبت من الموضوع. هنعمل كل اللي نقدر عليه علشان نحسن الخدمة لحضرتك. تابع معانا، ولو في أي حاجة تانيه هنبلغك فوراً.,negative,Albert Leonard,12000.0,+20 011 7399058,Loyal,08-2023,2023
"""أهلاً، أنا سعيد جدًا بالخدمة الجديدة منكم، سرعة الإنترنت بقت ممتازة!"" ""أهلاً بحضرتك، بنسعد جدًا بتقديرك، ونتمنى دايمًا تكون راضي عن خدماتنا."" ""بصراحة، الخدمة بقت أفضل من المتوقع، متشكرين جدًا.""",positive,Angela Cooper,1000.0,+20 011 7803703,Regular,08-2022,2022
"""ألو، كنت عاوز أتأكد لو في مشكلة عامة في الإنترنت لأنه قطع لفترة. ""أهلاً بحضرتك، فيه فعلاً شوية ضغط في الشبكة، لكن هنشتغل على حلها."" ""ماشي، شكراً على التوضيح.""",natural,Robin Cooley,38000.0,+20 015 5600689,New,12-2022,2022
"""أنا قدمت شكوى بخصوص الإنترنت ومافيش أي جديد. هل في حل قريب؟"" ""هنراجع مع الدعم الفني ونتابع الشكوى."" ""ياريت، بقالها فترة ومش لاقي تحسن.""",natural,Cody Moses,47000.0,+20 010 7118502,Regular,06-2022,2022
"""أهلاً، حبيت أشكركم على سرعة حل المشكلة! الإنترنت رجع طبيعي."" ""بنشكرك على تواصلك يا فندم، وأي وقت نحن في الخدمة."" ""متشكرين جدًا على اهتمامكم.""",positive,Jenna Ortiz,9000.0,+20 012 1179346,New,10-2022,2022
"""السلام عليكم، بجد بشكركم جدًا على تحسن خدمة الإنترنت الفترة الأخيرة، السرعة بقت عالية ومستمرة وما بقتش بتقطع زي الأول."" ""وعليكم السلام يا أستاذ أحمد، شكرًا على ملاحظتك الجميلة، احنا سعداء إن الخدمة بقت أفضل مع حضرتك. لو في أي مشكلة أو استفسار تاني، احنا موجودين دايمًا."" ""بصراحة كان عندي مشاكل كتير قبل كده وبعت لكم شكاوى، بس المرة دي أنا شايف تحسن حقيقي، وده شيء مقدر. هل التحسن ده بسبب ترقية أو تحديث معين في المنطقة عندنا؟"" ""صحيح، إحنا عملنا تحديثات على الشبكة في المنطقة اللي حضرتك فيها، وده ساعد على تحسين السرعة والاستقرار. ونتمنى إن الخدمة تفضل مستقرة وأفضل كمان."" ""متشكر جدًا على مجهودكم، أنا فعلاً شايف فرق كبير، وده بيساعدني في شغلي لأن الإنترنت جزء أساسي من يومي."" ""ده واجبنا يا أستاذ أحمد، ونتمنى دايمًا تكون راضي عن الخدمة. لو في أي حاجة مستقبلًا احنا تحت أمرك.""",positive,Kristi Reyes,6000.0,+20 010 6841560,Loyal,09-2022,2022
"""أيوه، أنا زهقت بصراحة، كل مرة الإنترنت بيبقى بطيء جدًا وبقى شبه مستحيل أعمل حاجة بسببه."" ""متفهمين غضب حضرتك يا أستاذ علي، ياريت توصف لنا أكتر تفاصيل المشكلة علشان نقدر نساعد بشكل أسرع."" ""مش محتاج تفاصيل، المشكلة واضحة، السرعة بطيئة جدًا أغلب الوقت خصوصًا بالليل! بقالنا كذا شهر على الحال ده وكل شوية بقدم شكاوى من غير نتيجة."" ""حضرتك عندك كل الحق، هنرفع شكوى خاصة لقسم الدعم الفني علشان يعطوا البلاغ الأولوية القصوى ويتابعوا مع حضرتك بشكل مباشر."" ""خلاص تعبت من الكلام ده، كل مرة تقولوا كده ومفيش أي حل نهائي، حتى الفني اللي جالي من أسبوع قال لي مفيش حاجة ممكن نعملها!"" ""معلش يا أستاذ علي، المرة دي هنتابع الموضوع بشكل أدق ونحاول نلاقي حل. ممكن ناخد بعض البيانات الفنية زي الموديل الخاص بالراوتر وتفاصيل إضافية تساعدنا."" ""مش عارف أنا محتاج أغير الراوتر، ولا المشكلة في الشبكة نفسها؟ أنا بس عاوز حل وخلاص."" ""هنشتغل على الموضوع ونحاول نوفر لحضرتك تحديثات قريبة، ونأمل تكون دي آخر مرة تواجه فيها المشكلة.""",negative,Robert Costa,10000.0,+20 012 5038170,Regular,10-2024,2024
"""مرحبًا، كنت عاوز أستفسر لو في صيانة بتأثر على الإنترنت عندي اليومين دول."" ""أهلاً وسهلاً بحضرتك، نعم في بعض الصيانة الروتينية اللي ممكن تأثر شوية على السرعة في بعض الأوقات، لكن المفروض إن الموضوع يكون بسيط."" ""ماشي، لأنني لاحظت إن الإنترنت بيقطع لفترات قصيرة، وكنت عاوز أعرف لو الموضوع مؤقت."" ""أكيد، احنا دايمًا بنشتغل على تحسين الشبكة ولو في أي تأثير مؤقت هنحرص إنه ما يستمرش لفترات طويلة."" ""تمام، شكراً على المعلومة. لو في حاجة محتاجة تواصل من قبلكم، ممكن ترسلوا لي رسالة أو إشعار."" ""بالتأكيد، ولو في أي استفسار تاني احنا في الخدمة.""",natural,Colleen Morales,15000.0,+20 012 6225168,Regular,06-2022,2022
"""السلام عليكم، قدمت شكوى بخصوص الإنترنت من فترة، لكن لحد دلوقتي مفيش أي جديد."" ""وعليكم السلام يا أستاذ كريم، هنراجع الشكوى لحضرتك حالًا ونشوف التفاصيل. ممكن أعرف رقم الخط لو سمحت؟"" ""أكيد، رقمي 0123456789، المشكلة بقالها أكتر من أسبوع وما شفتش أي تحسن."" ""مفهوم، نعتذر لحضرتك عن التأخير، وهنحاول نسرّع المتابعة مع الدعم الفني."" ""أنا تعبت من الانتظار. كل مرة أكلمكم ومافيش حاجة بتحصل، هل في خطوات معينة بتحصل فعلاً ولا الموضوع مجرد تأجيل؟"" ""نتفهم شعور حضرتك، بالفعل إحنا متابعين الموضوع مع الفريق الفني علشان يحل المشكلة. هنحاول نسرع الاستجابة."" ""ياريت تكونوا واضحين، لو مفيش حل قولوها بصراحة."" ""بنعتذر مرة تانية يا أستاذ كريم، وبإذن الله هنوصل لحل ونبلغك فورًا.""",natural,Chad Irwin,7000.0,+20 010 8520117,New,11-2023,2023
"""مرحبًا، كنت عاوز أعمل استفسار بسيط، هل في عروض جديدة للإنترنت قريبًا؟"" ""أهلاً وسهلاً بحضرتك، بالفعل في عروض جديدة خاصة بالسرعات العالية، وممكن أساعدك في معرفة الأنسب ليك."" ""ده ممتاز، كنت بفكر أرفع السرعة عندي الفترة الجاية."" ""اختيار ممتاز، وهنضمن لحضرتك سرعة ثابتة وتناسب احتياجاتك اليومية."" ""ممتاز، شكرًا ليكم.""",positive,Autumn Deleon,14000.0,+20 015 6499000,New,11-2023,2023
"""أهلاً، كنت عاوز أعرف لو في أي تحديثات على السرعات اللي ممكن أختار منها؟"" ""أهلاً بيك يا أستاذ، نعم، في فعلاً سرعات أعلى بقت متوفرة الفترة دي."" ""ده ممتاز، أنا محتاج سرعة أعلى لاحتياجات الشغل."" ""نقدر نرتب لك ترقية على الفور للسرعة الأعلى اللي تناسب احتياجك."" ""ممتاز، شكرًا على الخدمة السريعة.""",natural,Jennifer Lawrence,49000.0,+20 011 7360005,Loyal,04-2024,2024
"""ألو، كنت عاوز أعرف لو في أي عروض على الإنترنت."" ""أهلاً بيك يا أستاذ، في عروض جديدة النهارده خاصة بباقات الإنترنت المنزلي، تقدر تختار الأنسب ليك."" ""ده كويس، ممكن توضح لي أكتر التفاصيل والأسعار؟"" ""بالطبع، العرض اللي يناسبك هو باقة السرعة العالية بتكلفة مخفضة. تقدر ترفع السرعة اللي عندك بدون أي تكاليف إضافية لمدة أول 3 شهور."" ""ده ممتاز، شكرًا على المعلومة.""",natural,Kara Reynolds,15000.0,+20 011 4510181,Regular,04-2023,2023
"""أيوه، أنا مش قادر أتحمل خدمة الإنترنت البطيئة دي، ده شيء مستفز بجد."" ""نتفهم غضب حضرتك، هل ممكن نعرف تفاصيل أكتر عن المشكلة؟"" ""مفيش غير إن الإنترنت بطيء ومش ثابت، وبكلمكم كتير بدون فايدة."" ""هنرفع الشكوى حالًا ونتابع بشكل أسرع مع الدعم الفني."" ""بجد الموضوع بقى لا يحتمل، لازم تلاقوا حل."" ""هنهتم بالشكاوى ونتابع لحد ما المشكلة تتحل.""",negative,Juan Gibson,15000.0,+20 012 9593853,Regular,11-2023,2023
"""أهلاً، كنت عاوز أسأل عن نظام الفواتير، عندي شوية استفسارات."" ""مرحبًا بحضرتك، تفضل اسأل عن أي حاجة تخص الفواتير."" ""هل في إمكانية للدفع أونلاين؟"" ""أيوة، تقدر تدفع من خلال الموقع الإلكتروني أو التطبيق بكل سهولة."" ""تمام، وكمان هل في فواتير متأخرة؟"" ""لا، كل الفواتير الخاصة بك مدفوعة. لو في أي استفسار تاني، إحنا هنا للمساعدة."" ""شكرًا ليك، الخدمة كويسة.""",natural,Robert Shaw,8000.0,+20 011 5084380,Loyal,02-2022,2022
"""مرحبًا، حبيت أشكركم على الدعم الفني، مش قادر أصدق إن الإنترنت بقى سريع كده."" ""أهلاً بيك، نحن سعداء إنك راضي. إحنا هنا علشان نقدم لك أفضل خدمة."" ""بالضبط، أنا شفت تحسن ملحوظ من بعد التحديث."" ""ده كان هدفنا، ومش هيكون آخر تحسين، بنشتغل دايمًا على تطوير الخدمة."" ""شكرًا ليكم على المجهود، أكيد هسجل لكم تقييم ممتاز.""",positive,Regina Banks,23000.0,+20 011 9609229,Loyal,03-2022,2022
"""ألو، أنا هنا تاني بخصوص الإنترنت، بجد تعبت منكم!"" ""نعتذر عن الإزعاج، هل ممكن تقول لي إيه اللي حصل؟"" ""النت بيفصل كل شوية، وبالفعل تواصلت معاكم أكثر من مرة وما فيش تغيير!"" ""هرفع بلاغ فوري للجهة المختصة، ونتأكد إنهم يتواصلوا معاك لحل المشكلة."" ""أرجوكم أسرعوا، الموضوع بقى صعب."" ""هنتابع الموضوع معاك في أقرب وقت ممكن.""",negative,Mr. John Payne Jr.,14000.0,+20 011 8296898,New,09-2024,2024
"ألو، مساء الخير. مساء النور يا فندم، مع حضرتك خالد من خدمة عملاء شركة الإنترنت. إزاي أقدر أساعد حضرتك؟ كنت محتاج أغير الباسورد بتاع شبكة الواي فاي بتاعتي. طبعًا يا فندم، ممكن أعرف الرقم المشترك أو رقم الحساب الخاص بحضرتك عشان أتأكد من البيانات؟ الرقم هو 0123456789. شكرًا لحضرتك، هراجع البيانات دقيقة واحدة... تمام، تم التحقق من الحساب. حضرتك تحب تغير الباسورد لإيه أو تحب إني أساعدك أختار باسورد قوي؟ أنا هغيره لباسورد جديد بنفسي، بس كنت عايز أعرف الخطوات اللي أقدر أعمل بيها كده. أكيد يا فندم. حضرتك محتاج تدخل على صفحة إعدادات الراوتر بكتابة عنوان الـ IP الخاص بيها في المتصفح (غالبًا بيكون 192.168.1.1). بعد كده، تدخل اسم المستخدم وكلمة المرور الافتراضية أو الحالية. في صفحة الإعدادات، تختار قسم ""الواي فاي"" أو ""الإعدادات اللاسلكية"" وتغير كلمة المرور هناك. بعد التغيير، متنساش تضغط على ""حفظ"" أو ""تطبيق"". تمام، ده سهل. شكرًا ليك على التوضيح. العفو يا فندم، إذا واجهت أي مشكلة في الخطوات دي، تقدر تتصل بينا في أي وقت. يومك سعيد! شكرًا ليك، مع السلامة.",natural,Michael Robles,39000.0,+20 015 9648680,New,12-2024,2024
"ألو، مساء الخير. مساء النور يا فندم، مع حضرتك عمر من خدمة عملاء شركة الإنترنت. إزاي أقدر أساعد حضرتك؟ كنت عايز أعرف إذا كان ممكن أحدد عدد الأجهزة اللي بتتصل بالواي فاي بتاعي. طبعًا يا فندم، ممكن أعرف الرقم المشترك أو رقم الحساب الخاص بحضرتك للتأكد من البيانات؟ الرقم هو 0123456789. شكرًا لحضرتك، هراجع البيانات دقيقة واحدة... تمام، تم التحقق من الحساب. بالنسبة لتحديد عدد الأجهزة المتصلة بالواي فاي، حضرتك ممكن تعمل ده من خلال إعدادات الراوتر. إزاي أقدر أعمل كده؟ حضرتك تدخل على صفحة إعدادات الراوتر بكتابة عنوان الـ IP في المتصفح (غالبًا بيكون 192.168.1.1). بعد كده تدخل اسم المستخدم وكلمة المرور الافتراضية أو الحالية. في صفحة الإعدادات، تروح لقسم ""إدارة الأجهزة"" أو ""قائمة الأجهزة المتصلة"". هناك، تقدر تحدد الحد الأقصى للأجهزة اللي تقدر تتصل بالشبكة أو تعمل حظر للأجهزة غير المرغوب فيها. تمام، هحاول أعمل كده. لو واجهتني مشكلة، ممكن أتصل بيكوا تاني؟ طبعًا يا فندم، إحنا هنا لمساعدتك في أي وقت. يومك سعيد! شكرًا ليك، مع السلامة. مع السلامة يا فندم.",natural,Michelle Bowman,30000.0,+20 011 5127518,New,02-2023,2023
ألو، مساء الخير. مساء النور يا فندم، مع حضرتك مريم من خدمة عملاء شركة الاتصالات. إزاي أقدر أساعد حضرتك؟ أنا شحنت رصيد بقيمة 100 جنيه من شوية، وفجأة الرصيد بقى 0 من غير ما أستخدمه! إزاي ده يحصل؟ متأسف جدًا على الإزعاج ده يا فندم. ممكن أعرف الرقم اللي حضرتك شحنت عليه الرصيد؟ الرقم هو 0123456789. بس ده مش هو المهم! الرصيد بتاعي راح من غير ما أعرف السبب! شكرًا لحضرتك، هراجع البيانات دقيقة واحدة... تمام، شايف إن الرصيد اتشحن فعلاً بـ100 جنيه، لكن تم استهلاكه على باقة الإنترنت وتجديد الاشتراكات التلقائية للخدمات. بس أنا مكنتش عارف إن في اشتراكات شغالة بتاخد الرصيد أوتوماتيك! دي حاجة مش مقبولة! متفهمة تمامًا قلقك، وأنا آسفة عن الإرباك. ممكن أساعدك في مراجعة كل الاشتراكات الحالية ونلغي اللي مش محتاجه؟ ياريت تلغي كل الاشتراكات غير الضرورية، وأنا مش عايز أي خصومات تانية بعد كده! تمام، هعمل ده لحضرتك حالًا. تم إلغاء كل الاشتراكات غير الضرورية. أعتذر مرة تانية عن الإزعاج. هل تحب أقدم لك أي مساعدة تانية؟ لا، بس أرجوكم حاولوا تحلوا المشاكل دي بسرعة عشان مافيش حد يواجه نفس المشكلة! العفو يا فندم، إحنا هنا لمساعدتك في أي وقت. يومك سعيد! مع السلامة.,negative,Kristen Bailey,2000.0,+20 011 1152365,Regular,02-2023,2023
ألو، مساء الخير. مساء النور، مع حضرتك رامي من خدمة العملاء. إزاي أقدر أساعدك؟ الشبكة عندي مش شغالة خالص، مش قادر أتصل أو أستقبل مكالمات. آسف جدًا على الإزعاج. ممكن تقولي رقمك؟ الرقم هو 01123456789.شكرًا. استني دقيقة أتحقق من الشبكة... لأ، فيه مشكلة في منطقتك. بنشتغل على حلها دلوقتي. المشكلة هتستمر لحد إمتى؟ متوقعين نحلها خلال 24 ساعة. شكرًا لصبرك,negative,Jennifer Shields,23000.0,+20 010 4194745,Regular,12-2023,2023
ألو، صباح الخير. صباح النور، مع حضرتك يوسف من خدمة العملاء. إزاي أقدر أساعدك حاولت أشحن رصيد ولم ينجح الأمر. الرصيد ما ظهرش. آسف عن كده. ممكن تقولي رقم تليفونك؟ الرقم هو 0123456789. هراجع حالة الشحن... لأ، العملية لم تتم. هأعيد شحن الرصيد لك دلوقتي. شكرًا، بس أتمنى ما يحصلش كده تاني. هابذل جهد كبير عشان أتأكد من كده. شكرًا لتفهمك.,negative,Jessica Kennedy,44000.0,+20 010 9023721,Regular,12-2022,2022
ألو، مساء الخير. مساء النور، مع حضرتك مريم من خدمة العملاء. إزاي أقدر أساعدك؟ كنت عايز أسأل عن كيفية تأمين شبكة الواي فاي عندي. طبعًا! فيه عدة خطوات بسيطة تقدر تتبعها. أول حاجة، تأكد إنك تغير كلمة السر الافتراضية. طيب، ممكن تقولي إزاي أغيرها؟ هتدخل على صفحة إعدادات الراوتر عن طريق كتابة IP الراوتر في المتصفح. بعد كده، هتلاقي خيار لتغيير كلمة السر. تمام، هل فيه أي خطوات تانية؟ أيوة، حاول تخفي اسم الشبكة أو SSID بتاعك عشان محدش يعرفها. وكمان فعل تشفير WPA3 لو متاح.,natural,Cole Riley,38000.0,+20 012 4618123,New,09-2024,2024
ألو، صباح الخير. صباح النور، مع حضرتك علي. إزاي أقدر أساعدك؟ عايز أعرف إزاي أقدر أحمي الشبكة بتاعتي من المتطفلين. طبعًا، أول حاجة تأكد إن كلمة السر بتاعتك قوية. استخدم مزيج من الأحرف والأرقام والرموز. هل في حاجة تانية أقدر أعملها؟ أيوة، ممكن تفعل خاصية MAC address filtering، بحيث تسمح فقط للأجهزة المعروفة بالدخول على الشبكة. عظيم، هعمل كده. شكراً على المساعدة!,natural,Lindsay Horne,1000.0,+20 010 1225626,VIP,03-2022,2022
ألو، مساء الخير. مساء النور، معاك سارة من خدمة العملاء. إزاي أقدر أساعدك؟ هل فيه تحديثات أمان لازم أعملها للواي فاي؟ أيوة، لازم تتأكد إن الراوتر بتاعك محدث لآخر إصدار من البرنامج. ده بيحسن الأمان ويصلح أي ثغرات. وكيف أقدر أعمل التحديث ده؟ هتدخل على صفحة إعدادات الراوتر، وتدور على خيار التحديث. لو في تحديث متاح، هتقدر تنزله من هناك.,natural,Tara Benitez,29000.0,+20 015 8777324,Loyal,03-2023,2023
ألو، صباح الخير. صباح النور، مع حضرتك فاطمة من خدمة العملاء. إزاي أقدر أساعدك؟ كنت عايز أسأل عن VPN. هل هو مفيد لتأمين شبكة الواي فاي؟ طبعًا! استخدام VPN بيشفر بياناتك وبيخفي هويتك على الإنترنت، وده بيضيف طبقة أمان لشبكتك. طيب، هل تنصحني بأفضل خدمة VPN؟ فيه خدمات ممتازة زي NordVPN وExpressVPN. اتأكد إنك تختار خدمة موثوقة.,natural,Kimberly Underwood,49000.0,+20 012 6801614,Loyal,02-2023,2023
nan,natural,Ashley Mitchell,42000.0,+20 010 3727979,Regular,10-2022,2022
nan,natural,Kenneth Bradley,11000.0,+20 015 5518620,VIP,06-2024,2024
nan,natural,Denise Hill,9000.0,+20 012 4538575,New,03-2022,2022
nan,natural,Tiffany Carey,10000.0,+20 011 3463076,VIP,10-2023,2023
